1:1:1:1:1	0.00594441	"SA_077"	995
1:1:1:1:2	0.00429878	"LIN_D_13"	617
1:1:1:1:3	0.00376879	"LIN_D_01"	605
1:1:1:1:4	0.00347206	"LIN_25"	556
1:1:1:1:5	0.00226809	"SYD3_17"	370
1:1:1:1:6	0.00174858	"SYD1_02"	405
1:1:1:1:7	0.00168914	"Col_057"	182
1:1:1:1:8	0.00167715	"Phys1_59"	59
1:1:1:1:9	0.00155109	"Phys3_44"	118
1:1:1:1:10	0.00126072	"SYD4_03"	380
1:1:1:1:11	0.00119421	"LIN_08"	539
1:1:1:1:12	0.00115146	"SYD4_06"	383
1:1:1:1:13	0.000856246	"LIN_D_12"	616
1:1:1:1:14	0.000558931	"SYD3_04"	357
1:1:1:1:15	0.000492469	"LIN_D_11"	615
1:1:1:1:16	0.000254876	"RUB_59"	918
1:1:1:1:17	0.000244276	"RUB_13"	872
1:1:1:2:1	0.00453216	"USA_04"	1223
1:1:1:2:2	0.00313456	"SA_098"	1016
1:1:1:2:3	0.00313456	"SA_112"	1030
1:1:1:2:4	0.00129032	"Col_054"	179
1:1:1:2:5	0.00112239	"SA_091"	1009
1:1:1:2:6	0.0011176	"SA_071"	989
1:1:1:2:7	0.000916455	"SA_068"	986
1:1:1:2:8	0.000882388	"Phys3_01"	75
1:1:1:2:9	0.000772779	"RUT_019"	671
1:1:1:2:10	0.000552013	"Phys1_31"	31
1:1:1:2:11	0.00028279	"SA_116"	1034
1:1:1:2:12	0.000176752	"SA_285"	1203
1:1:1:3:1	0.00206354	"LIN_A_18"	589
1:1:1:3:2	0.000928361	"SYD1_08"	411
1:1:1:3:3	0.000884356	"SYD3_16"	369
1:1:1:3:4	0.000812763	"Col_059"	184
1:1:1:4:1	0.00149167	"LIN_D_10"	614
1:1:1:4:2	0.00082948	"SYDF_049"	291
1:1:1:4:3	0.000605495	"SYD3_15"	368
1:1:1:5:1	0.00152717	"SA_154"	1072
1:1:1:5:2	0.000590303	"SYD1_04"	407
1:1:1:5:3	0.000537159	"Phys3_48"	122
1:1:1:5:4	0.00021959	"RUT_053"	705
1:1:1:6:1	0.00072817	"RUT_013"	665
1:1:1:6:2	0.000538468	"SA_059"	977
1:1:1:6:3	0.000241191	"SYDF_108"	350
1:1:1:6:4	0.000221135	"RUT_012"	664
1:1:1:7:1	0.000712254	"SA_106"	1024
1:1:1:7:2	0.000456959	"SA_115"	1033
1:1:1:7:3	0.000268009	"SYD4_24"	401
1:1:1:7:4	0.000214331	"SA_001"	919
1:1:2:1:1	0.00346991	"RUB_57"	916
1:1:2:1:2	0.00204755	"LIN_A_20"	591
1:1:2:1:3	0.00100629	"Phys3_14"	88
1:1:2:1:4	0.00100629	"Phys3_32"	106
1:1:2:1:5	0.000928605	"Col_086"	211
1:1:2:1:6	0.000758719	"SYDF_046"	288
1:1:2:1:7	0.000510389	"Phys3_33"	107
1:1:2:1:8	0.000480333	"RUT_152"	804
1:1:2:2:1	0.000975675	"SYD3_02"	355
1:1:2:2:2	0.000933065	"SYDF_082"	324
1:1:2:2:3	0.000751926	"SA_236"	1154
1:1:2:2:4	0.000723038	"SYDF_084"	326
1:1:2:2:5	0.000512727	"SYDF_044"	286
1:1:2:2:6	0.00047848	"Phys1_69"	69
1:1:2:3:1	0.00103424	"SA_197"	1115
1:1:2:3:2	0.00082606	"RUB_48"	907
1:1:2:3:3	0.000539652	"Phys1_66"	66
1:1:2:3:4	0.000441128	"RUT_010"	662
1:1:2:3:5	0.000372885	"Phys1_60"	60
1:1:2:3:6	0.000263947	"MLA_56"	523
1:1:2:4:1	0.00102975	"LIN_A_21"	592
1:1:2:4:2	0.000806025	"LIN_D_20"	624
1:1:2:4:3	0.000572495	"Phys1_22"	22
1:1:2:4:4	0.000469986	"SYDF_023"	265
1:1:2:4:5	0.000274878	"SYD1_01"	404
1:1:2:5:1	0.00168478	"RUB_25"	884
1:1:2:5:2	0.000430619	"RUT_194"	846
1:1:2:5:3	0.000293983	"SYD3_21"	374
1:1:2:5:4	0.000274749	"SYD1_05"	408
1:1:2:5:5	0.000192149	"MLA_53"	520
1:1:2:6:1	0.000871524	"RUB_20"	879
1:1:2:6:2	0.000641937	"MLA_43"	510
1:1:2:6:3	0.00033543	"SYD1_46"	449
1:1:2:6:4	0.000281519	"SYD4_12"	389
1:1:3:1:1	0.0015029	"SA_176"	1094
1:1:3:1:2	0.000806852	"Phys1_62"	62
1:1:3:1:3	0.000754762	"SYDF_079"	321
1:1:3:1:4	0.000550668	"Phys1_27"	27
1:1:3:1:5	0.000530215	"RUT_022"	674
1:1:3:1:6	0.000507437	"Phys1_40"	40
1:1:3:1:7	0.000507333	"GBR_03"	457
1:1:3:1:8	0.000444344	"SA_192"	1110
1:1:3:1:9	0.000243903	"SA_164"	1082
1:1:3:2:1	0.00246591	"USA_19"	1238
1:1:3:2:2	0.00100537	"MLA_18"	485
1:1:3:2:3	0.000562655	"RUT_187"	839
1:1:3:2:4	0.000556485	"Col_112"	237
1:1:3:2:5	0.000468664	"SA_142"	1060
1:1:3:2:6	0.000274468	"MLA_47"	514
1:1:3:2:7	0.000221765	"RUT_146"	798
1:1:3:2:8	0.000214989	"SA_072"	990
1:1:3:3:1	0.00180078	"SAB_16"	1338
1:1:3:3:2	0.000777824	"BRA_24"	1262
1:1:3:3:3	0.000458383	"SA_111"	1029
1:1:3:3:4	0.000282896	"MLA_03"	470
1:1:3:3:5	0.000216886	"RUT_123"	775
1:1:3:4:1	0.000714045	"SA_105"	1023
1:1:3:4:2	0.000699004	"Col_085"	210
1:1:3:4:3	0.000680548	"RUT_029"	681
1:1:3:4:4	0.00049691	"Phys3_36"	110
1:1:3:4:5	0.000446896	"SYDF_051"	293
1:1:3:5:1	0.000774456	"SYD1_40"	443
1:1:3:5:2	0.000533788	"RUT_199"	851
1:1:3:5:3	0.00051826	"Col_051"	176
1:1:3:5:4	0.00047511	"Phys1_74"	74
1:1:3:6:1	0.000824016	"RUT_045"	697
1:1:3:6:2	0.000760572	"Col_063"	188
1:1:3:6:3	0.000538831	"SYD1_47"	450
1:1:3:7:1	0.000342432	"BRA_68"	1306
1:1:3:7:2	0.000200109	"SA_073"	991
1:1:4:1:1	0.000905285	"RUT_195"	847
1:1:4:1:2	0.00076682	"RUT_192"	844
1:1:4:1:3	0.000673254	"SA_003"	921
1:1:4:1:4	0.000404461	"RUT_069"	721
1:1:4:1:5	0.000346228	"SYDF_050"	292
1:1:4:1:6	0.000282424	"RUT_191"	843
1:1:4:1:7	0.000227873	"RUT_190"	842
1:1:4:1:8	0.000212872	"RUT_030"	682
1:1:4:1:9	0.000182185	"RUT_173"	825
1:1:4:2:1	0.00271622	"SA_284"	1202
1:1:4:2:2	0.000245327	"SA_030"	948
1:1:4:2:3	0.000217146	"SA_208"	1126
1:1:4:3:1	0.000829899	"RUB_28"	887
1:1:4:3:2	0.000797489	"Col_056"	181
1:1:4:3:3	0.000593329	"RUT_009"	661
1:1:4:3:4	0.000493107	"Phys1_16"	16
1:1:4:4:1	0.00122781	"SA_227"	1145
1:1:4:4:2	0.000567658	"SYDF_069"	311
1:1:4:4:3	0.000246828	"SA_169"	1087
1:1:4:4:4	0.000223461	"MLA_09"	476
1:1:4:5:1	0.000476648	"SA_101"	1019
1:1:4:5:2	0.000452352	"Col_072"	197
1:1:4:5:3	0.000437857	"LIN_A_24"	595
1:1:4:5:4	0.000425869	"SA_035"	953
1:1:4:6:1	0.000623974	"SA_148"	1066
1:1:4:6:2	0.000209957	"RUT_005"	657
1:1:4:6:3	0.000176992	"SA_064"	982
1:1:5:1:1	0.00226509	"USA_09"	1228
1:1:5:1:2	0.000658084	"Col_071"	196
1:1:5:1:3	0.000552251	"GBR_11"	465
1:1:5:1:4	0.000427839	"SA_216"	1134
1:1:5:1:5	0.000208458	"SA_040"	958
1:1:5:1:6	0.000204891	"SA_272"	1190
1:1:5:2:1	0.00109002	"LIN_D_16"	620
1:1:5:2:2	0.000835691	"RUB_46"	905
1:1:5:2:3	0.000487605	"SYD4_05"	382
1:1:5:2:4	0.000471405	"Phys1_05"	5
1:1:5:2:5	0.000181894	"RUT_160"	812
1:1:5:3:1	0.000765694	"SA_167"	1085
1:1:5:3:2	0.000713322	"SA_052"	970
1:1:5:3:3	0.000501069	"MLA_63"	530
1:1:5:3:4	0.000241187	"RUT_135"	787
1:1:5:4:1	0.000667686	"SYD3_14"	367
1:1:5:4:2	0.000431051	"SA_033"	951
1:1:5:4:3	0.00039836	"SYDF_081"	323
1:1:5:4:4	0.000389817	"RUB_54"	913
1:1:5:5:1	0.00068269	"Col_092"	217
1:1:5:5:2	0.000501405	"RUT_051"	703
1:1:5:5:3	0.000449842	"Phys3_46"	120
1:2:1:1:1	0.0071118	"SA_254"	1172
1:2:1:1:2	0.00666312	"SA_162"	1080
1:2:1:1:3	0.00639763	"SA_044"	962
1:2:1:1:4	0.0061373	"LIN_D_23"	627
1:2:1:1:5	0.0061373	"LIN_C_04"	633
1:2:1:1:6	0.0061373	"LIN_C_06"	635
1:2:1:1:7	0.0061373	"SA_019"	937
1:2:1:1:8	0.00582328	"LIN_B_1"	602
1:2:1:1:9	0.00552865	"LIN_A_4"	575
1:2:1:1:10	0.00522255	"MLA_19"	486
1:2:1:1:11	0.00432258	"Phys3_34"	108
1:2:1:1:12	0.00402516	"Phys1_04"	4
1:2:1:1:13	0.00402516	"Phys1_38"	38
1:2:1:1:14	0.00374968	"SYD4_23"	400
1:2:1:1:15	0.0035854	"SYD1_36"	439
1:2:1:1:16	0.00347559	"Col_018"	143
1:2:1:1:17	0.00327159	"Phys3_06"	80
1:2:1:1:18	0.00322676	"LIN_B_non_2"	600
1:2:1:1:19	0.00280346	"LIN_D_03"	607
1:2:1:1:20	0.00275496	"LIN_A_3"	574
1:2:1:1:21	0.000991721	"SA_037"	955
1:2:1:1:22	0.000278379	"SYD3_07"	360
1:2:1:1:23	0.000269918	"SYD3_08"	361
1:2:1:1:24	0.000210732	"SYD1_06"	409
1:2:1:2:1	0.00103694	"SA_159"	1077
1:2:1:2:2	0.000871872	"SYDF_103"	345
1:2:1:2:3	0.000870472	"SYDF_064"	306
1:2:1:2:4	0.000582568	"Phys1_26"	26
1:2:1:2:5	0.000575219	"SA_113"	1031
1:2:1:3:1	0.00086858	"Phys3_19"	93
1:2:1:3:2	0.000601538	"RUT_080"	732
1:2:1:3:3	0.000600226	"RUT_078"	730
1:2:1:3:4	0.000594862	"LIN_D_08"	612
1:2:1:3:5	0.00051757	"Phys1_67"	67
1:2:1:4:1	0.00095104	"SYD4_02"	379
1:2:1:4:2	0.000639821	"Phys3_21"	95
1:2:1:4:3	0.000513518	"SYD3_10"	363
1:2:1:4:4	0.000432488	"Phys1_35"	35
1:2:2:1:1	0.001728	"SA_107"	1025
1:2:2:1:2	0.00122917	"SYDF_094"	336
1:2:2:1:3	0.000931073	"LIN_13"	544
1:2:2:1:4	0.000879899	"SYDF_063"	305
1:2:2:2:1	0.00191064	"SA_160"	1078
1:2:2:2:2	0.000569646	"Col_116"	241
1:2:2:2:3	0.000563373	"SYD1_17"	420
1:2:2:2:4	0.000302285	"RUT_093"	745
1:2:2:2:5	0.000173515	"RUT_126"	778
1:2:2:3:1	0.00117656	"USA_08"	1227
1:2:2:3:2	0.000581679	"Phys1_63"	63
1:2:2:3:3	0.000232217	"RUB_33"	892
1:2:2:4:1	0.000709007	"RUB_52"	911
1:2:2:4:2	0.000457445	"SA_156"	1074
1:2:2:4:3	0.00038931	"Phys1_28"	28
1:2:2:4:4	0.000253443	"RUT_098"	750
1:2:2:5:1	0.000836395	"SA_173"	1091
1:2:2:5:2	0.000215551	"SA_151"	1069
1:2:2:5:3	0.000208919	"SA_135"	1053
1:2:2:6:1	0.000477691	"RUT_095"	747
1:2:2:6:2	0.000465911	"RUT_193"	845
1:2:2:6:3	0.000243261	"SYDF_107"	349
1:2:3:1:1	0.00207703	"Uma_01"	1210
1:2:3:1:2	0.00053449	"LIN_A_27"	598
1:2:3:1:3	0.000427169	"SYD4_14"	391
1:2:3:1:4	0.00032536	"SYD4_20"	397
1:2:3:1:5	0.000257888	"RUB_01"	860
1:2:3:2:1	0.000757053	"SA_253"	1171
1:2:3:2:2	0.000515612	"SA_205"	1123
1:2:3:2:3	0.000509283	"SA_141"	1059
1:2:3:2:4	0.00024953	"MLA_33"	500
1:2:3:2:5	0.000248299	"SA_022"	940
1:2:3:3:1	0.000498889	"SA_165"	1083
1:2:3:3:2	0.000467172	"RUT_108"	760
1:2:3:3:3	0.000466758	"SA_118"	1036
1:2:3:3:4	0.000230905	"RUT_107"	759
1:3:1:1:1	0.00152753	"SA_097"	1015
1:3:1:1:2	0.00137144	"Col_073"	198
1:3:1:1:3	0.00130734	"Col_060"	185
1:3:1:1:4	0.00126642	"Col_090"	215
1:3:1:1:5	0.000787312	"RUT_077"	729
1:3:1:1:6	0.00056213	"Col_026"	151
1:3:1:1:7	0.000512887	"Col_058"	183
1:3:1:1:8	0.000507966	"SYD1_34"	437
1:3:1:1:9	0.000499255	"Phys3_47"	121
1:3:1:1:10	0.000448637	"Col_025"	150
1:3:1:2:1	0.00137802	"SYDF_086"	328
1:3:1:2:2	0.00115443	"RUB_03"	862
1:3:1:2:3	0.00098391	"SA_194"	1112
1:3:1:2:4	0.00087881	"Col_113"	238
1:3:1:2:5	0.000776451	"Phys3_05"	79
1:3:1:2:6	0.000529933	"Col_080"	205
1:3:1:2:7	0.000518506	"Col_081"	206
1:3:1:2:8	0.000502443	"Phys1_53"	53
1:3:1:3:1	0.0016561	"SA_023"	941
1:3:1:3:2	0.00148182	"SA_024"	942
1:3:1:3:3	0.000958079	"SA_244"	1162
1:3:1:3:4	0.000757824	"SYDF_034"	276
1:3:1:3:5	0.000607958	"Phys3_49"	123
1:3:1:3:6	0.00028999	"GBR_13"	467
1:3:1:3:7	0.000229856	"SYD3_22"	375
1:3:1:3:8	0.000220593	"RUT_141"	793
1:3:1:4:1	0.00192787	"SA_029"	947
1:3:1:4:2	0.00176012	"SA_289"	1207
1:3:1:4:3	0.00083456	"SYDF_001"	243
1:3:1:4:4	0.000513917	"Col_029"	154
1:3:1:4:5	0.000293778	"LIN_E_03"	642
1:3:1:4:6	0.000213347	"RUT_032"	684
1:3:1:5:1	0.00113154	"BRA_30"	1268
1:3:1:5:2	0.00103086	"Col_114"	239
1:3:1:5:3	0.000557653	"Col_064"	189
1:3:1:5:4	0.000469427	"Col_103"	228
1:3:1:5:5	0.000407155	"BRA_09"	1247
1:3:1:6:1	0.000950976	"SA_177"	1095
1:3:1:6:2	0.000731765	"SA_146"	1064
1:3:1:6:3	0.00050309	"SA_174"	1092
1:3:1:6:4	0.000266941	"SA_172"	1090
1:3:1:6:5	0.000241665	"SYD1_15"	418
1:3:1:6:6	0.000229466	"MLA_61"	528
1:3:1:7:1	0.000734625	"MLA_60"	527
1:3:1:7:2	0.000506516	"Col_036"	161
1:3:1:7:3	0.000475926	"RUT_020"	672
1:3:1:7:4	0.000453224	"SYDF_087"	329
1:3:1:8:1	0.000434792	"SA_094"	1012
1:3:1:8:2	0.000227593	"RUT_075"	727
1:3:1:9:1	0.000404943	"RUB_43"	902
1:3:1:9:2	0.000218277	"LIN_E_06"	645
1:3:2:1:1	0.00115509	"LIN_A_11"	582
1:3:2:1:2	0.0010394	"LIN_34"	565
1:3:2:1:3	0.00059997	"Phys3_35"	109
1:3:2:1:4	0.000513944	"RUT_175"	827
1:3:2:1:5	0.000265047	"SYD1_41"	444
1:3:2:1:6	0.000211299	"LIN_07"	538
1:3:2:2:1	0.00137018	"BRA_76"	1314
1:3:2:2:2	0.000861617	"SA_256"	1174
1:3:2:2:3	0.000477205	"Col_049"	174
1:3:2:2:4	0.000405597	"Col_062"	187
1:3:2:2:5	0.000229851	"SA_242"	1160
1:3:2:2:6	0.000214767	"SA_051"	969
1:3:2:2:7	0.00017655	"Uma_05"	1214
1:3:2:3:1	0.00123182	"LIN_E_01"	640
1:3:2:3:2	0.00092236	"MLA_24"	491
1:3:2:3:3	0.000522223	"Phys3_30"	104
1:3:2:3:4	0.000515278	"SYD3_09"	362
1:3:2:3:5	0.000232438	"SYDF_106"	348
1:3:2:4:1	0.00141325	"BRA_74"	1312
1:3:2:4:2	0.000933298	"SA_226"	1144
1:3:2:4:3	0.00050255	"Phys3_13"	87
1:3:2:4:4	0.000301132	"BRA_35"	1273
1:3:2:5:1:1	0.000746984	"SA_175"	1093
1:3:2:5:1:2	0.00034345	"SA_182"	1100
1:3:2:5:1:3	0.000307495	"SA_257"	1175
1:3:2:5:1:4	0.000187252	"MLA_20"	487
1:3:2:5:1:5	0.000156345	"RUT_164"	816
1:3:2:5:2:1	0.000592618	"USA_03"	1222
1:3:2:5:2:2	0.000460693	"SYDF_016"	258
1:3:2:5:2:3	0.000183414	"SA_063"	981
1:3:2:6:1	0.00126331	"BRA_79"	1317
1:3:2:6:2	0.000427969	"BRA_77"	1315
1:3:2:6:3	0.000407616	"SYDF_104"	346
1:3:2:6:4	0.000385081	"BRA_58"	1296
1:3:2:6:5	0.000286525	"BRA_75"	1313
1:3:2:6:6	0.000206463	"MLA_30"	497
1:3:2:7:1	0.00109571	"LIN_39"	570
1:3:2:7:2	0.000583776	"Phys3_37"	111
1:3:2:7:3	0.000467851	"Col_061"	186
1:3:2:7:4	0.000280741	"LIN_33"	564
1:3:2:8:1	0.000493492	"SYDF_006"	248
1:3:2:8:2	0.000485981	"LIN_36"	567
1:3:2:8:3	0.000479392	"LIN_B_non_3"	601
1:3:2:9:1	0.000586422	"BRA_65"	1303
1:3:2:9:2	0.000500725	"BRA_64"	1302
1:3:2:9:3	0.000193976	"BRA_21"	1259
1:3:2:9:4	0.000175335	"SA_086"	1004
1:3:2:10:1	0.000530269	"MLA_08"	475
1:3:2:10:2	0.000474202	"RUT_116"	768
1:3:2:10:3	0.000248199	"MLA_05"	472
1:3:2:11:1	0.000675413	"SA_005"	923
1:3:2:11:2	0.000449214	"SA_282"	1200
1:3:3:1:1	0.00231199	"BRA_70"	1308
1:3:3:1:2	0.000896741	"Col_003"	128
1:3:3:1:3	0.000896741	"SA_081"	999
1:3:3:1:4	0.00076552	"BRA_81"	1319
1:3:3:1:5	0.00058489	"MLA_31"	498
1:3:3:1:6	0.000565862	"MLA_29"	496
1:3:3:1:7	0.000543623	"Phys3_26"	100
1:3:3:1:8	0.000537398	"BRA_01"	1239
1:3:3:1:9	0.000501341	"Col_108"	233
1:3:3:1:10	0.000157284	"BRA_50"	1288
1:3:3:2:1	0.000885562	"BRA_20"	1258
1:3:3:2:2	0.000705005	"SA_133"	1051
1:3:3:2:3	0.000440508	"RUT_136"	788
1:3:3:2:4	0.000439941	"SYDF_032"	274
1:3:3:2:5	0.000410559	"LIN_20"	551
1:3:3:2:6	0.000181782	"MLA_10"	477
1:3:3:3:1	0.000809644	"RUB_07"	866
1:3:3:3:2	0.000707156	"SAB_10"	1332
1:3:3:3:3	0.0004921	"LIN_E_07"	646
1:3:3:3:4	0.000460555	"SYDF_027"	269
1:3:3:3:5	0.00028253	"MLA_44"	511
1:3:3:3:6	0.000194965	"MLA_59"	526
1:3:3:4:1	0.00132587	"BRA_82"	1320
1:3:3:4:2	0.000932796	"SAB_25"	1347
1:3:3:4:3	0.000489636	"Uma_06"	1215
1:3:3:5:1	0.000686963	"SYDF_090"	332
1:3:3:5:2	0.000659646	"BRA_51"	1289
1:3:3:5:3	0.000487753	"SA_048"	966
1:3:3:5:4	0.00047083	"SYDF_083"	325
1:3:3:5:5	0.000206887	"SA_007"	925
1:3:3:6:1	0.000665381	"SA_088"	1006
1:3:3:6:2	0.000449076	"SA_087"	1005
1:3:3:6:3	0.000420802	"RUT_155"	807
1:3:3:6:4	0.000234102	"SA_058"	976
1:3:3:6:5	0.000201804	"MLA_17"	484
1:3:3:7:1	0.000730516	"SAB_3"	1325
1:3:3:7:2	0.000627055	"SAB_29"	1351
1:3:3:7:3	0.000203627	"SA_158"	1076
1:3:3:7:4	0.000194922	"RUT_035"	687
1:3:3:7:5	0.00018938	"BRA_84"	1322
1:3:4:1:1	0.00194167	"SA_196"	1114
1:3:4:1:2	0.000835415	"RUT_036"	688
1:3:4:1:3	0.000754929	"Col_040"	165
1:3:4:1:4	0.000597962	"Phys3_04"	78
1:3:4:1:5	0.00055774	"SA_138"	1056
1:3:4:1:6	0.000554007	"RUB_02"	861
1:3:4:1:7	0.000289836	"LIN_A_22"	593
1:3:4:1:8	0.000272067	"SA_065"	983
1:3:4:2:1	0.00103669	"BRA_06"	1244
1:3:4:2:2	0.000816677	"SA_269"	1187
1:3:4:2:3	0.00080053	"Col_045"	170
1:3:4:2:4	0.000760524	"SA_066"	984
1:3:4:2:5	0.000533686	"Col_034"	159
1:3:4:2:6	0.000423192	"Phys3_11"	85
1:3:4:2:7	0.000420678	"SA_078"	996
1:3:4:2:8	0.000300254	"RUT_174"	826
1:3:4:2:9	0.000180405	"SA_213"	1131
1:3:4:3:1	0.00107307	"SAB_36"	1358
1:3:4:3:2	0.000492468	"Col_023"	148
1:3:4:3:3	0.000477863	"SA_096"	1014
1:3:4:3:4	0.00027854	"RUT_134"	786
1:3:4:3:5	0.000167465	"SAB_27"	1349
1:4:1:1:1	0.00308566	"RUB_39"	898
1:4:1:1:2	0.00282618	"LIN_D_02"	606
1:4:1:1:3	0.00282618	"LIN_D_14"	618
1:4:1:1:4	0.00282618	"LIN_C_07"	636
1:4:1:1:5	0.00282618	"RUB_30"	889
1:4:1:1:6	0.00254002	"LIN_05"	536
1:4:1:1:7	0.00210938	"MLA_35"	502
1:4:1:1:8	0.00172109	"Phys1_56"	56
1:4:1:1:9	0.00162953	"SYD3_06"	359
1:4:1:1:10	0.000282813	"MLA_32"	499
1:4:1:2:1	0.00290132	"LIN_A_13"	584
1:4:1:2:2	0.000888697	"LIN_17"	548
1:4:1:2:3	0.000733137	"SYDF_026"	268
1:4:1:2:4	0.000618399	"Phys1_54"	54
1:4:1:2:5	0.000314419	"LIN_18"	549
1:4:1:2:6	0.000267386	"LIN_22"	553
1:4:1:3:1	0.00139148	"BRA_34"	1272
1:4:1:3:2	0.000300025	"BRA_67"	1305
1:4:1:3:3	0.000220659	"RUB_11"	870
1:4:1:3:4	0.000196455	"RUT_124"	776
1:4:1:3:5	0.000178086	"SA_248"	1166
1:4:1:4:1	0.000880428	"SA_271"	1189
1:4:1:4:2	0.000655781	"SYDF_048"	290
1:4:1:4:3	0.000472665	"RUT_015"	667
1:4:1:5:1	0.000454979	"LIN_A_9"	580
1:4:1:5:2	0.000454646	"SA_206"	1124
1:4:1:5:3	0.00038301	"BRA_78"	1316
1:4:1:6:1	0.000420954	"SA_139"	1057
1:4:1:6:2	0.000363243	"SA_181"	1099
1:4:1:6:3	0.000236817	"LIN_E_08"	647
1:4:2:1:1	0.0012988	"LIN_12"	543
1:4:2:1:2	0.00127184	"RUB_09"	868
1:4:2:1:3	0.00124128	"SYDF_080"	322
1:4:2:1:4	0.000483305	"Col_050"	175
1:4:2:1:5	0.00047452	"Col_041"	166
1:4:2:2:1	0.000938119	"SAB_6"	1328
1:4:2:2:2	0.000705949	"Phys1_72"	72
1:4:2:2:3	0.000493443	"RUT_122"	774
1:4:2:2:4	0.000476911	"Phys1_65"	65
1:4:2:2:5	0.000147605	"SA_127"	1045
1:4:2:3:1	0.000847926	"BRA_11"	1249
1:4:2:3:2	0.000684313	"BRA_10"	1248
1:4:2:3:3	0.000428208	"RUT_161"	813
1:4:2:3:4	0.000207039	"RUT_037"	689
1:4:2:3:5	0.000182269	"SA_207"	1125
1:4:2:3:6	0.000176515	"SA_125"	1043
1:4:2:4:1	0.00118089	"SAB_21"	1343
1:4:2:4:2	0.000481449	"RUT_151"	803
1:4:2:4:3	0.000473426	"Phys3_28"	102
1:4:2:4:4	0.000349626	"Col_013"	138
1:4:2:5:1	0.00111526	"SYD1_38"	441
1:4:2:5:2	0.000542593	"SA_045"	963
1:4:2:5:3	0.000430623	"Col_104"	229
1:4:2:5:4	0.000351818	"SYDF_092"	334
1:4:2:6:1	0.000828771	"BRA_59"	1297
1:4:2:6:2	0.000509679	"Phys1_24"	24
1:4:2:6:3	0.000490996	"LIN_E_13"	652
1:4:2:6:4	0.000292361	"LIN_D_19"	623
1:4:2:7:1	0.000663403	"Uma_07"	1216
1:4:2:7:2	0.00037717	"BRA_02"	1240
1:4:2:7:3	0.00022905	"SYD3_23"	376
1:4:2:7:4	0.000226978	"MLA_49"	516
1:4:2:8:1	0.000661991	"SA_262"	1180
1:4:2:8:2	0.000240135	"RUT_082"	734
1:4:2:8:3	0.000223968	"RUT_109"	761
1:4:3:1:1	0.00207818	"RUB_40"	899
1:4:3:1:2	0.000897013	"SYD4_10"	387
1:4:3:1:3	0.000746388	"LIN_A_2"	573
1:4:3:1:4	0.000660748	"LIN_06"	537
1:4:3:1:5	0.000498655	"Phys1_51"	51
1:4:3:1:6	0.000491657	"LIN_A_5"	576
1:4:3:2:1	0.00133361	"LIN_C_10"	639
1:4:3:2:2	0.00101857	"LIN_23"	554
1:4:3:2:3	0.000510859	"Phys1_06"	6
1:4:3:2:4	0.000404186	"SYDF_041"	283
1:4:3:2:5	0.000255689	"SYD1_37"	440
1:4:3:2:6	0.000235126	"LIN_A_10"	581
1:4:3:3:1	0.00140061	"RUB_26"	885
1:4:3:3:2	0.000606667	"RUB_24"	883
1:4:3:3:3	0.000604097	"SYD4_18"	395
1:4:3:3:4	0.000580155	"Phys3_22"	96
1:4:3:4:1	0.00106106	"RUB_56"	915
1:4:3:4:2	0.000521467	"Phys1_58"	58
1:4:3:4:3	0.000466594	"SA_179"	1097
1:4:3:4:4	0.000221133	"LIN_D_04"	608
1:4:3:5:1	0.000448087	"Phys1_11"	11
1:4:3:5:2	0.000431409	"MLA_07"	474
1:4:3:5:3	0.000424927	"SA_090"	1008
1:4:3:5:4	0.000413264	"SA_277"	1195
1:4:3:6:1	0.000797034	"SA_231"	1149
1:4:3:6:2	0.000356035	"USA_17"	1236
1:4:3:6:3	0.000227776	"SA_219"	1137
1:4:3:6:4	0.00018507	"SA_221"	1139
1:4:4:1:1	0.00151718	"SA_132"	1050
1:4:4:1:2	0.000843554	"Col_012"	137
1:4:4:1:3	0.000813444	"SYD1_39"	442
1:4:4:1:4	0.00055698	"Phys1_10"	10
1:4:4:1:5	0.000519345	"Col_024"	149
1:4:4:1:6	0.000286044	"RUT_150"	802
1:4:4:1:7	0.000240903	"SYD1_16"	419
1:4:4:2:1	0.00145471	"SAB_8"	1330
1:4:4:2:2	0.000642752	"BRA_04"	1242
1:4:4:2:3	0.000419561	"SYDF_022"	264
1:4:4:2:4	0.000218289	"BRA_54"	1292
1:4:4:2:5	0.00015503	"BRA_39"	1277
1:4:4:3:1	0.000635801	"LIN_15"	546
1:4:4:3:2	0.000468375	"LIN_16"	547
1:4:4:3:3	0.000396523	"Col_028"	153
1:4:4:3:4	0.000336306	"Col_102"	227
1:4:4:4:1	0.000677227	"Uma_03"	1212
1:4:4:4:2	0.000566198	"SYDF_055"	297
1:4:4:4:3	0.000426208	"RUB_14"	873
1:4:4:5:1	0.000732593	"SA_204"	1122
1:4:4:5:2	0.000277772	"RUT_099"	751
1:4:4:5:3	0.000221563	"RUT_197"	849
1:4:4:6:1	0.000480544	"Phys1_30"	30
1:4:4:6:2	0.000449445	"SA_136"	1054
1:5:1:1	0.00148554	"SA_201"	1119
1:5:1:2	0.00112568	"RUT_079"	731
1:5:1:3	0.00106934	"Col_010"	135
1:5:1:4	0.00104399	"SYDF_111"	353
1:5:1:5	0.00061081	"RUT_074"	726
1:5:1:6	0.000576405	"Col_004"	129
1:5:1:7	0.000531349	"RUT_207"	859
1:5:1:8	0.000505873	"Phys1_20"	20
1:5:1:9	0.000391952	"SYDF_089"	331
1:5:2:1	0.00147621	"SA_102"	1020
1:5:2:2	0.000957124	"SYDF_043"	285
1:5:2:3	0.000744421	"SYD1_12"	415
1:5:2:4	0.000674492	"Col_097"	222
1:5:2:5	0.000456822	"Phys3_42"	116
1:5:2:6	0.000426317	"SA_265"	1183
1:5:2:7	0.000360648	"Phys1_34"	34
1:5:3:1	0.00200686	"SA_239"	1157
1:5:3:2	0.000806778	"GBR_09"	463
1:5:3:3	0.000531754	"SYDF_075"	317
1:5:3:4	0.000411085	"RUT_070"	722
1:5:3:5	0.000388096	"RUT_138"	790
1:5:3:6	0.000285014	"SYD4_22"	399
1:5:3:7	0.0002429	"LIN_30"	561
1:5:3:8	0.000217455	"SYD1_50"	453
1:5:3:9	0.000182237	"MLA_41"	508
1:5:4:1	0.00273462	"SA_060"	978
1:5:4:2	0.00120426	"RUB_27"	886
1:5:4:3	0.000633551	"Phys1_32"	32
1:5:5:1	0.00153999	"SYDF_102"	344
1:5:5:2	0.00108895	"LIN_26"	557
1:5:5:3	0.000839517	"SYDF_020"	262
1:5:5:4	0.000528296	"Phys3_09"	83
1:5:5:5	0.000517251	"Phys1_14"	14
1:5:6:1	0.00134332	"RUB_42"	901
1:5:6:2	0.000710454	"RUB_06"	865
1:5:6:3	0.000626693	"Phys1_17"	17
1:5:6:4	0.000558689	"Phys1_36"	36
1:5:6:5	0.0005023	"RUB_38"	897
1:5:6:6	0.00024749	"RUT_084"	736
1:5:7:1	0.00112328	"RUT_007"	659
1:5:7:2	0.00103844	"RUT_008"	660
1:5:7:3	0.00101057	"SYDF_076"	318
1:5:7:4	0.000791032	"SYDF_060"	302
1:5:8:1	0.00147335	"RUB_21"	880
1:5:8:2	0.0009536	"LIN_32"	563
1:5:8:3	0.00067086	"Col_096"	221
1:5:8:4	0.000565479	"SYDF_003"	245
1:5:8:5	0.000212889	"RUT_046"	698
1:5:9:1	0.00109534	"SA_275"	1193
1:5:9:2	0.000842548	"MLA_45"	512
1:5:9:3	0.000463844	"SA_046"	964
1:5:9:4	0.000435705	"RUT_063"	715
1:5:9:5	0.000380706	"Phys1_42"	42
1:5:9:6	0.000205523	"MLA_40"	507
1:5:9:7	0.000174984	"SA_074"	992
1:5:10:1	0.0012443	"SA_082"	1000
1:5:10:2	0.000571791	"Col_109"	234
1:5:10:3	0.000559816	"LIN_35"	566
1:5:10:4	0.000457649	"Col_020"	145
1:5:10:5	0.000242354	"RUT_121"	773
1:5:11:1	0.000961117	"SA_047"	965
1:5:11:2	0.000647232	"RUB_49"	908
1:5:11:3	0.000587756	"Phys3_17"	91
1:5:11:4	0.000499189	"SYDF_091"	333
1:5:11:5	0.000185153	"RUT_185"	837
1:5:12:1	0.000953844	"SA_017"	935
1:5:12:2	0.000468578	"SYDF_109"	351
1:5:12:3	0.000441266	"RUT_039"	691
1:5:12:4	0.000399798	"SYD4_04"	381
1:5:12:5	0.000385424	"Col_105"	230
1:5:13:1	0.000779956	"LIN_D_18"	622
1:5:13:2	0.000744804	"Col_019"	144
1:5:13:3	0.000506556	"SYD1_09"	412
1:5:13:4	0.000469898	"Col_007"	132
1:5:14:1	0.000890304	"SA_006"	924
1:5:14:2	0.000460986	"SYDF_095"	337
1:5:14:3	0.000453251	"Col_009"	134
1:5:14:4	0.000417965	"RUT_034"	686
1:5:14:5	0.000213795	"RUT_025"	677
1:5:15:1	0.00100163	"SA_110"	1028
1:5:15:2	0.000527438	"SYDF_002"	244
1:5:15:3	0.000219066	"LIN_38"	569
1:5:16:1	0.000461865	"LIN_D_24"	628
1:5:16:2	0.000440867	"SA_129"	1047
1:5:16:3	0.000216128	"LIN_A_15"	586
1:6:1:1	0.00307076	"USA_02"	1221
1:6:1:2	0.00237833	"SA_025"	943
1:6:1:3	0.00185809	"MLA_46"	513
1:6:1:4	0.00147838	"MLA_25"	492
1:6:1:5	0.0012199	"Col_014"	139
1:6:1:6	0.000915149	"Col_106"	231
1:6:1:7	0.000877587	"GBR_07"	461
1:6:1:8	0.000771918	"RUT_129"	781
1:6:1:9	0.000498378	"RUT_085"	737
1:6:1:10	0.00022981	"MLA_34"	501
1:6:2:1:1	0.00112317	"Col_047"	172
1:6:2:1:2	0.00088743	"Phys1_49"	49
1:6:2:1:3	0.000630586	"Phys1_45"	45
1:6:2:1:4	0.000495063	"SYD4_26"	403
1:6:2:2:1	0.00142169	"Uma_09"	1218
1:6:2:2:2	0.000750069	"Col_093"	218
1:6:2:2:3	0.00056807	"Phys1_39"	39
1:6:2:3:1	0.000782381	"RUT_131"	783
1:6:2:3:2	0.000481899	"Col_048"	173
1:6:2:4:1	0.000393485	"SA_013"	931
1:6:2:4:2	0.000211598	"RUT_140"	792
1:6:3:1	0.00126653	"SA_270"	1188
1:6:3:2	0.000807784	"SA_080"	998
1:6:3:3	0.000803694	"SYD1_51"	454
1:6:3:4	0.000545247	"SYDF_013"	255
1:6:3:5	0.000527764	"RUB_32"	891
1:6:3:6	0.000300234	"RUB_19"	878
1:6:4:1	0.0016254	"BRA_38"	1276
1:6:4:2	0.000789237	"Col_094"	219
1:6:4:3	0.000551851	"SYDF_004"	246
1:6:4:4	0.000479585	"Col_046"	171
1:6:4:5	0.000219842	"MLA_12"	479
1:6:4:6	0.000198159	"RUT_198"	850
1:6:5:1	0.00183257	"BRA_36"	1274
1:6:5:2	0.000475662	"RUB_53"	912
1:6:5:3	0.000470412	"BRA_28"	1266
1:6:5:4	0.000405752	"Col_088"	213
1:6:5:5	0.000245853	"LIN_19"	550
1:6:5:6	0.000222837	"SA_069"	987
1:6:5:7	0.000202235	"SA_264"	1182
1:6:6:1	0.00101717	"BRA_60"	1298
1:6:6:2	0.000762866	"Uma_10"	1219
1:6:6:3	0.000589712	"BRA_49"	1287
1:6:6:4	0.000353263	"SA_252"	1170
1:6:6:5	0.000194325	"LIN_D_05"	609
1:6:6:6	0.000189904	"SA_233"	1151
1:6:6:7	0.000172766	"RUB_18"	877
1:6:7:1	0.00188788	"USA_18"	1237
1:6:7:2	0.000433506	"RUT_143"	795
1:6:7:3	0.000432019	"SA_225"	1143
1:6:7:4	0.000246941	"USA_07"	1226
1:6:7:5	0.000225748	"RUT_104"	756
1:6:8:1	0.00150725	"BRA_23"	1261
1:6:8:2	0.000990219	"BRA_18"	1256
1:6:8:3	0.000514576	"SYDF_009"	251
1:6:9:1	0.00116667	"BRA_17"	1255
1:6:9:2	0.000462249	"SYD1_44"	447
1:6:9:3	0.00044948	"MLA_14"	481
1:6:9:4	0.000240835	"SYD1_18"	421
1:6:9:5	0.000208555	"RUT_203"	855
1:6:9:6	0.000196964	"RUT_040"	692
1:6:10:1	0.00140195	"BRA_73"	1311
1:6:10:2	0.000237418	"MLA_36"	503
1:6:10:3	0.000226182	"SA_222"	1140
1:6:10:4	0.000217704	"SA_039"	957
1:6:10:5	0.000183075	"SA_287"	1205
1:6:11:1	0.000683658	"RUT_133"	785
1:6:11:2	0.00047234	"USA_15"	1234
1:6:11:3	0.000461594	"Phys1_43"	43
1:6:11:4	0.000396843	"SA_193"	1111
1:6:11:5	0.000212349	"RUT_092"	744
1:6:12:1	0.000759032	"SA_234"	1152
1:6:12:2	0.000474077	"RUB_36"	895
1:6:12:3	0.00047159	"SA_084"	1002
1:6:12:4	0.000256257	"RUT_101"	753
1:6:12:5	0.000209402	"RUT_172"	824
1:6:13:1	0.000797596	"RUT_067"	719
1:6:13:2	0.00030235	"RUT_060"	712
1:6:13:3	0.000236102	"RUT_061"	713
1:7:1:1	0.00178082	"SA_210"	1128
1:7:1:2	0.00164547	"MLA_37"	504
1:7:1:3	0.00112562	"RUB_12"	871
1:7:1:4	0.000922727	"Phys3_41"	115
1:7:1:5	0.000872656	"Col_075"	200
1:7:1:6	0.000633065	"Phys1_57"	57
1:7:1:7	0.000613573	"Col_035"	160
1:7:1:8	0.000535659	"Col_022"	147
1:7:1:9	0.000526988	"Col_021"	146
1:7:1:10	0.000516283	"SA_011"	929
1:7:1:11	0.000426788	"Col_095"	220
1:7:2:1	0.00142334	"SAB_34"	1356
1:7:2:2	0.00125566	"BRA_57"	1295
1:7:2:3	0.000794497	"SYD1_10"	413
1:7:2:4	0.000666009	"SA_214"	1132
1:7:2:5	0.000610839	"SAB_45"	1367
1:7:2:6	0.000549452	"Phys1_13"	13
1:7:2:7	0.000549229	"SYDF_031"	273
1:7:2:8	0.00019186	"RUT_137"	789
1:7:3:1	0.00239886	"SA_042"	960
1:7:3:2	0.000832173	"LIN_D_15"	619
1:7:3:3	0.000556096	"MLA_26"	493
1:7:3:4	0.000547922	"RUT_057"	709
1:7:3:5	0.000516583	"SYDF_057"	299
1:7:3:6	0.000508476	"SA_041"	959
1:7:3:7	0.000248716	"SYD4_19"	396
1:7:4:1:1	0.0011466	"BRA_48"	1286
1:7:4:1:2	0.000490308	"MLA_52"	519
1:7:4:1:3	0.000462194	"SYDF_056"	298
1:7:4:1:4	0.000422553	"SA_228"	1146
1:7:4:1:5	0.000181134	"SA_119"	1037
1:7:4:2:1	0.000902387	"BRA_69"	1307
1:7:4:2:2	0.000260157	"MLA_51"	518
1:7:4:2:3	0.000204543	"RUT_071"	723
1:7:4:3:1	0.000405661	"SA_114"	1032
1:7:4:3:2	0.00022536	"RUT_159"	811
1:7:5:1	0.0009277	"RUT_033"	685
1:7:5:2	0.000890268	"RUT_087"	739
1:7:5:3	0.00070376	"Col_100"	225
1:7:5:4	0.000446537	"Phys1_73"	73
1:7:5:5	0.000436822	"RUT_052"	704
1:7:5:6	0.000219008	"RUT_041"	693
1:7:6:1:1	0.000937836	"SA_178"	1096
1:7:6:1:2	0.000700378	"SA_130"	1048
1:7:6:1:3	0.000236667	"LIN_E_9"	648
1:7:6:1:4	0.000230368	"SA_004"	922
1:7:6:1:5	0.000199909	"LIN_E_11"	650
1:7:6:2:1	0.000635923	"LIN_A_25"	596
1:7:6:2:2	0.000433755	"Col_089"	214
1:7:6:2:3	0.000190858	"MLA_22"	489
1:7:7:1	0.00185658	"USA_10"	1229
1:7:7:2	0.000431066	"Phys1_70"	70
1:7:7:3	0.000288307	"SYD3_12"	365
1:7:7:4	0.000231902	"RUT_119"	771
1:7:7:5	0.000224823	"LIN_C_02"	631
1:7:7:6	0.000207798	"SA_062"	980
1:7:7:7	0.000185773	"RUT_089"	741
1:7:8:1	0.00145293	"SA_171"	1089
1:7:8:2	0.000552062	"Phys3_16"	90
1:7:8:3	0.000486103	"SYDF_014"	256
1:7:8:4	0.000463598	"SA_143"	1061
1:7:8:5	0.000431695	"Col_087"	212
1:7:9:1	0.000667133	"SA_120"	1038
1:7:9:2	0.000617823	"Col_069"	194
1:7:9:3	0.000472974	"Phys1_64"	64
1:7:9:4	0.00047114	"Phys3_45"	119
1:7:9:5	0.00046466	"RUT_145"	797
1:7:9:6	0.000423607	"SA_093"	1011
1:7:10:1	0.000925658	"Uma_02"	1211
1:7:10:2	0.000478344	"LIN_A_26"	597
1:7:10:3	0.000422235	"Col_044"	169
1:7:10:4	0.000257505	"RUB_16"	875
1:7:10:5	0.000231992	"MLA_01"	468
1:7:11:1	0.000680128	"SA_121"	1039
1:7:11:2	0.000458108	"SYDF_018"	260
1:7:11:3	0.000440634	"SA_109"	1027
1:7:11:4	0.00021874	"RUT_056"	708
1:8:1:1:1	0.00307638	"USA_05"	1224
1:8:1:1:2	0.002838	"SA_280"	1198
1:8:1:1:3	0.00172116	"RUB_58"	917
1:8:1:1:4	0.00149344	"Phys3_31"	105
1:8:1:1:5	0.00126425	"Col_091"	216
1:8:1:1:6	0.000894388	"Phys1_50"	50
1:8:1:1:7	0.000892919	"Phys1_12"	12
1:8:1:1:8	0.000768232	"Phys1_08"	8
1:8:1:1:9	0.000610127	"SYD1_14"	417
1:8:1:1:10	0.000607009	"SA_203"	1121
1:8:1:1:11	0.000526439	"LIN_C_03"	632
1:8:1:1:12	0.000356626	"SA_188"	1106
1:8:1:2:1	0.00124448	"SA_152"	1070
1:8:1:2:2	0.000659549	"RUT_081"	733
1:8:1:2:3	0.000468414	"SYDF_070"	312
1:8:1:2:4	0.000458358	"RUB_44"	903
1:8:1:2:5	0.000280733	"RUT_021"	673
1:8:1:2:6	0.000205963	"MLA_38"	505
1:8:1:3:1	0.000823242	"RUB_41"	900
1:8:1:3:2	0.000774008	"SYD1_45"	448
1:8:1:3:3	0.000521695	"LIN_A_19"	590
1:8:1:3:4	0.000471153	"Col_099"	224
1:8:1:3:5	0.000260164	"GBR_01"	455
1:8:2:1:1	0.00219519	"RUB_08"	867
1:8:2:1:2	0.00131692	"Phys3_29"	103
1:8:2:1:3	0.00100629	"Phys3_08"	82
1:8:2:1:4	0.00100629	"Phys3_23"	97
1:8:2:1:5	0.00062125	"SYD3_11"	364
1:8:2:1:6	0.000561184	"LIN_A_1"	572
1:8:2:1:7	0.000299671	"LIN_A_6"	577
1:8:2:2:1	0.000834261	"BRA_16"	1254
1:8:2:2:2	0.000832178	"RUT_115"	767
1:8:2:2:3	0.000312578	"SYD3_18"	371
1:8:2:2:4	0.000221811	"RUT_055"	707
1:8:2:2:5	0.000160469	"SA_223"	1141
1:8:2:3:1	0.00120593	"SA_247"	1165
1:8:2:3:2	0.000786535	"SA_108"	1026
1:8:2:3:3	0.000252939	"SA_191"	1109
1:8:2:4:1	0.000834893	"LIN_10"	541
1:8:2:4:2	0.000778146	"SA_157"	1075
1:8:2:4:3	0.00057057	"Col_030"	155
1:8:2:5:1	0.000747013	"RUT_042"	694
1:8:2:5:2	0.000524834	"SA_053"	971
1:8:2:5:3	0.000483821	"Phys1_23"	23
1:8:3:1:1	0.000868167	"SA_185"	1103
1:8:3:1:2	0.000618826	"RUT_139"	791
1:8:3:1:3	0.000481657	"SYDF_045"	287
1:8:3:1:4	0.000465753	"SYD4_17"	394
1:8:3:1:5	0.000243067	"SYD1_32"	435
1:8:3:2:1	0.000733485	"Col_117"	242
1:8:3:2:2	0.00073299	"LIN_A_14"	585
1:8:3:2:3	0.000706431	"RUT_058"	710
1:8:3:2:4	0.000244543	"MLA_54"	521
1:8:3:2:5	0.000225209	"RUT_031"	683
1:8:3:3:1	0.000793422	"BRA_55"	1293
1:8:3:3:2	0.000643266	"RUB_47"	906
1:8:3:3:3	0.000442972	"BRA_42"	1280
1:8:3:3:4	0.000418469	"SYDF_007"	249
1:8:3:3:5	0.000175243	"SA_199"	1117
1:8:3:4:1	0.000618394	"SA_027"	945
1:8:3:4:2	0.000471373	"RUT_201"	853
1:8:3:4:3	0.000267435	"RUT_054"	706
1:8:3:4:4	0.000217418	"RUT_189"	841
1:9:1:1	0.00218075	"SA_166"	1084
1:9:1:2	0.00104469	"LIN_D_06"	610
1:9:1:3	0.000854557	"SA_016"	934
1:9:1:4	0.000822031	"SYDF_077"	319
1:9:1:5	0.000553961	"Phys3_07"	81
1:9:1:6	0.000387399	"USA_01"	1220
1:9:1:7	0.00027422	"RUT_105"	757
1:9:1:8	0.000229508	"SYD3_24"	377
1:9:2:1	0.0018699	"USA_06"	1225
1:9:2:2	0.00100188	"GBR_05"	459
1:9:2:3	0.000835504	"Col_053"	178
1:9:2:4	0.000770454	"SYDF_097"	339
1:9:2:5	0.000576615	"Phys3_51"	125
1:9:2:6	0.000531284	"SA_230"	1148
1:9:2:7	0.000505764	"Phys1_44"	44
1:9:2:8	0.000242587	"SA_266"	1184
1:9:3:1:1	0.00103111	"LIN_09"	540
1:9:3:1:2	0.000702484	"LIN_C_01"	630
1:9:3:1:3	0.000669006	"Col_078"	203
1:9:3:1:4	0.000538741	"Phys3_40"	114
1:9:3:1:5	0.000426654	"Phys3_38"	112
1:9:3:1:6	0.000262614	"SYD1_26"	429
1:9:3:2:1	0.001026	"SA_124"	1042
1:9:3:2:2	0.000626817	"SA_056"	974
1:9:3:2:3	0.000487661	"LIN_A_17"	588
1:9:3:2:4	0.000216555	"RUT_110"	762
1:9:3:2:5	0.000209544	"RUB_50"	909
1:9:4:1	0.00133506	"SAB_33"	1355
1:9:4:2	0.000869094	"SYD1_25"	428
1:9:4:3	0.000806538	"Col_043"	168
1:9:4:4	0.000767197	"SYD1_27"	430
1:9:4:5	0.000542831	"Col_033"	158
1:9:4:6	0.000382106	"Col_037"	162
1:9:4:7	0.000381426	"SA_054"	972
1:9:4:8	0.000333918	"SA_281"	1199
1:9:4:9	0.000315883	"SYD1_24"	427
1:9:5:1	0.00108424	"RUB_37"	896
1:9:5:2	0.000813803	"SYD1_19"	422
1:9:5:3	0.00058422	"Phys1_33"	33
1:9:5:4	0.000525178	"GBR_10"	464
1:9:5:5	0.000500151	"Phys1_29"	29
1:9:5:6	0.000291561	"SYD1_43"	446
1:9:5:7	0.000233357	"SYD3_20"	373
1:9:6:1	0.0023017	"BRA_83"	1321
1:9:6:2	0.00043798	"BRA_72"	1310
1:9:6:3	0.000278132	"BRA_22"	1260
1:9:6:4	0.000184156	"BRA_62"	1300
1:9:6:5	0.000161676	"BRA_43"	1281
1:9:7:1	0.000900023	"SA_028"	946
1:9:7:2	0.000662497	"BRA_44"	1282
1:9:7:3	0.000651824	"SYDF_054"	296
1:9:7:4	0.000355434	"SYDF_035"	277
1:9:7:5	0.000224117	"RUT_059"	711
1:9:7:6	0.000208983	"LIN_D_25"	629
1:9:7:7	0.000206929	"RUT_072"	724
1:9:8:1	0.00120169	"SYD1_35"	438
1:9:8:2	0.000803858	"SYD1_29"	432
1:9:8:3	0.000596963	"SYD1_20"	423
1:9:8:4	0.000523065	"Col_006"	131
1:9:9:1	0.00131658	"RUB_23"	882
1:9:9:2	0.00033543	"SYD1_07"	410
1:9:9:3	0.000240099	"SYD1_30"	433
1:9:9:4	0.000229496	"RUT_088"	740
1:9:9:5	0.000218397	"RUT_002"	654
1:9:10:1	0.000981437	"BRA_61"	1299
1:9:10:2	0.000513638	"Col_076"	201
1:9:10:3	0.000171736	"BRA_37"	1275
1:9:10:4	0.000167736	"SA_134"	1052
1:9:11:1	0.000883729	"SA_163"	1081
1:9:11:2	0.000396617	"SYDF_078"	320
1:9:11:3	0.000257148	"LIN_28"	559
1:10:1:1	0.00238812	"SA_246"	1164
1:10:1:2	0.00143371	"SA_258"	1176
1:10:1:3	0.00109189	"SYD4_01"	378
1:10:1:4	0.000986267	"GBR_08"	462
1:10:1:5	0.000630028	"Col_042"	167
1:10:1:6	0.000557436	"Col_015"	140
1:10:1:7	0.000526515	"Col_079"	204
1:10:1:8	0.000449825	"Col_031"	156
1:10:1:9	0.000289423	"LIN_24"	555
1:10:1:10	0.000246183	"MLA_13"	480
1:10:1:11	0.00023942	"SYD4_09"	386
1:10:1:12	0.000237044	"LIN_C_08"	637
1:10:2:1:1	0.00113952	"RUT_184"	836
1:10:2:1:2	0.000739591	"BRA_63"	1301
1:10:2:1:3	0.00023798	"RUT_171"	823
1:10:2:1:4	0.000210793	"RUT_064"	716
1:10:2:1:5	0.000177337	"BRA_15"	1253
1:10:2:2:1	0.000594911	"SYDF_005"	247
1:10:2:2:2	0.000573272	"BRA_05"	1243
1:10:2:2:3	0.00043791	"RUT_180"	832
1:10:2:2:4	0.000379617	"Col_011"	136
1:10:2:3:1	0.000723775	"RUT_181"	833
1:10:2:3:2	0.000532199	"RUT_183"	835
1:10:2:3:3	0.000420755	"Phys3_12"	86
1:10:2:3:4	0.000245012	"LIN_02"	533
1:10:3:1	0.000956084	"SA_283"	1201
1:10:3:2	0.000819331	"BRA_07"	1245
1:10:3:3	0.000694803	"SYD3_05"	358
1:10:3:4	0.000531132	"Phys1_19"	19
1:10:3:5	0.000394474	"Col_074"	199
1:10:3:6	0.000198921	"SA_235"	1153
1:10:4:1	0.000867237	"RUT_048"	700
1:10:4:2	0.000623496	"MLA_58"	525
1:10:4:3	0.000487784	"RUT_076"	728
1:10:4:4	0.000466377	"SYDF_058"	300
1:10:4:5	0.000450464	"SA_036"	954
1:10:4:6	0.000440173	"SA_104"	1022
1:10:4:7	0.000209028	"SYDF_066"	308
1:10:5:1	0.000988465	"SAB_43"	1365
1:10:5:2	0.000732284	"SA_050"	968
1:10:5:3	0.000554896	"Phys3_43"	117
1:10:5:4	0.000426154	"Col_052"	177
1:10:5:5	0.000209327	"LIN_E_10"	649
1:10:5:6	0.000181264	"SAB_30"	1352
1:10:6:1	0.00104625	"BRA_46"	1284
1:10:6:2	0.000824947	"SA_217"	1135
1:10:6:3	0.000518409	"Phys1_02"	2
1:10:6:4	0.000501431	"SA_002"	920
1:10:6:5	0.000194576	"SA_083"	1001
1:10:7:1	0.000803056	"SAB_46"	1368
1:10:7:2	0.000759483	"SA_200"	1118
1:10:7:3	0.000739707	"LIN_E_04"	643
1:10:7:4	0.000264947	"GBR_04"	458
1:10:7:5	0.000220997	"LIN_D_17"	621
1:10:8:1	0.000788309	"USA_12"	1231
1:10:8:2	0.000693463	"SA_249"	1167
1:10:8:3	0.000405288	"SA_255"	1173
1:10:8:4	0.000205994	"SA_245"	1163
1:10:9:1	0.000607439	"SAB_37"	1359
1:10:9:2	0.000531376	"RUT_200"	852
1:10:9:3	0.000370326	"SYDF_071"	313
1:10:9:4	0.00020303	"SYD1_48"	451
1:10:9:5	0.000190862	"RUT_014"	666
1:10:10:1	0.000721008	"SA_026"	944
1:10:10:2	0.000446333	"RUT_169"	821
1:10:10:3	0.000403888	"Col_111"	236
1:10:10:4	0.000212089	"MLA_16"	483
1:10:11:1	0.000500193	"SAB_35"	1357
1:10:11:2	0.000396412	"Col_065"	190
1:10:11:3	0.000355357	"SAB_1"	1323
1:10:11:4	0.000191983	"RUT_003"	655
1:11:1:1:1	0.00208915	"Col_107"	232
1:11:1:1:2	0.00147676	"LIN_B_3"	604
1:11:1:1:3	0.00123142	"Phys3_03"	77
1:11:1:1:4	0.00119855	"Phys3_50"	124
1:11:1:1:5	0.00091426	"Phys1_47"	47
1:11:1:1:6	0.0008809	"MLA_27"	494
1:11:1:1:7	0.000835583	"Phys1_07"	7
1:11:1:1:8	0.000583075	"Phys1_55"	55
1:11:1:2:1	0.00156659	"LIN_B_2"	603
1:11:1:2:2	0.00127325	"SYD3_19"	372
1:11:1:2:3	0.00067086	"Phys1_61"	61
1:11:1:2:4	0.000600489	"Phys3_39"	113
1:11:2:1	0.00261241	"RUB_55"	914
1:11:2:2	0.000979331	"Phys3_20"	94
1:11:2:3	0.000899013	"SYDF_052"	294
1:11:2:4	0.00067086	"Phys1_25"	25
1:11:2:5	0.00058828	"LIN_A_7"	578
1:11:2:6	0.000261503	"RUB_04"	863
1:11:3:1	0.00173679	"SA_018"	936
1:11:3:2	0.00076253	"Col_017"	142
1:11:3:3	0.000654388	"SA_260"	1178
1:11:3:4	0.000487801	"Phys1_37"	37
1:11:3:5	0.000227878	"RUT_170"	822
1:11:3:6	0.000224643	"MLA_11"	478
1:11:4:1	0.00135075	"RUT_096"	748
1:11:4:2	0.000601952	"SYD1_33"	436
1:11:4:3	0.000583919	"SYDF_072"	314
1:11:4:4	0.00027786	"RUT_001"	653
1:11:4:5	0.000260472	"RUT_068"	720
1:11:5:1:1	0.000567117	"BRA_52"	1290
1:11:5:1:2	0.000406822	"SA_232"	1150
1:11:5:1:3	0.000354357	"BRA_53"	1291
1:11:5:1:4	0.000183073	"BRA_32"	1270
1:11:5:2:1	0.000525785	"RUB_31"	890
1:11:5:2:2	0.000516711	"RUT_044"	696
1:11:5:2:3	0.000407529	"Phys1_01"	1
1:11:6:1	0.000675852	"SA_186"	1104
1:11:6:2	0.000574043	"SAB_11"	1333
1:11:6:3	0.000505525	"Col_002"	127
1:11:6:4	0.000457072	"SA_038"	956
1:11:7:1	0.00137018	"USA_11"	1230
1:11:7:2	0.000290131	"LIN_A_16"	587
1:11:7:3	0.000258502	"GBR_02"	456
1:11:7:4	0.00015825	"SA_218"	1136
1:11:8:1	0.000825941	"LIN_C_05"	634
1:11:8:2	0.000509237	"SYD4_07"	384
1:11:8:3	0.000459162	"Col_110"	235
1:11:8:4	0.000267157	"LIN_B_non_1"	599
1:11:9:1	0.00146425	"SA_137"	1055
1:11:9:2	0.000514602	"SA_237"	1155
1:12:1:1	0.00166266	"SA_010"	928
1:12:1:2	0.00110794	"BRA_71"	1309
1:12:1:3	0.000992357	"BRA_12"	1250
1:12:1:4	0.00052374	"RUT_117"	769
1:12:1:5	0.000518702	"SA_117"	1035
1:12:1:6	0.00050546	"Col_016"	141
1:12:1:7	0.000442886	"Phys1_21"	21
1:12:1:8	0.000369485	"BRA_19"	1257
1:12:1:9	0.000257503	"LIN_D_07"	611
1:12:1:10	0.000227598	"SA_009"	927
1:12:1:11	0.000216066	"RUT_113"	765
1:12:1:12	0.000171795	"SA_131"	1049
1:12:2:1:1	0.00137225	"SA_290"	1208
1:12:2:1:2	0.000480052	"SA_089"	1007
1:12:2:1:3	0.000471519	"Col_084"	209
1:12:2:1:4	0.00046978	"SA_079"	997
1:12:2:1:5	0.000220258	"RUT_130"	782
1:12:2:2:1	0.000781829	"SA_032"	950
1:12:2:2:2	0.000501191	"LIN_E_05"	644
1:12:2:2:3	0.000231324	"SA_012"	930
1:12:2:3:1	0.00049766	"SA_202"	1120
1:12:2:3:2	0.000268751	"LIN_C_09"	638
1:12:3:1	0.00136656	"SA_031"	949
1:12:3:2	0.000798133	"SYD1_11"	414
1:12:3:3	0.000568273	"Col_027"	152
1:12:3:4	0.000537402	"SYD4_21"	398
1:12:3:5	0.000509124	"LIN_A_12"	583
1:12:3:6	0.000386526	"SYDF_062"	304
1:12:3:7	0.000337818	"SYDF_038"	280
1:12:3:8	0.00021203	"RUT_086"	738
1:12:4:1	0.000808255	"SA_229"	1147
1:12:4:2	0.00074648	"RUT_205"	857
1:12:4:3	0.000735578	"RUB_45"	904
1:12:4:4	0.000451304	"Col_067"	192
1:12:4:5	0.00041683	"RUT_004"	656
1:12:4:6	0.000252111	"LIN_21"	552
1:12:4:7	0.000188809	"SYD1_28"	431
1:12:5:1:1	0.00103124	"SAB_9"	1331
1:12:5:1:2	0.000475138	"RUT_149"	801
1:12:5:1:3	0.000437362	"SA_291"	1209
1:12:5:1:4	0.000225381	"RUT_024"	676
1:12:5:1:5	0.000222298	"RUT_011"	663
1:12:5:1:6	0.000206336	"RUT_103"	755
1:12:5:2:1	0.000454348	"RUT_202"	854
1:12:5:2:2	0.00027627	"RUT_016"	668
1:12:6:1	0.000828145	"SYDF_074"	316
1:12:6:2	0.000639866	"SYDF_096"	338
1:12:6:3	0.000437196	"RUT_196"	848
1:12:6:4	0.000413847	"SYDF_033"	275
1:12:6:5	0.000413103	"SA_189"	1107
1:12:6:6	0.000405982	"Phys1_52"	52
1:12:7:1	0.00123267	"MLA_50"	517
1:12:7:2	0.00068732	"MLA_39"	506
1:12:7:3	0.000449596	"SYDF_008"	250
1:12:7:4	0.000428998	"Phys1_68"	68
1:12:7:5	0.00023316	"MLA_28"	495
1:12:8:1	0.000701432	"SA_034"	952
1:12:8:2	0.000626301	"SA_268"	1186
1:12:8:3	0.000504525	"Phys1_46"	46
1:12:8:4	0.00038919	"SA_020"	938
1:12:8:5	0.000385128	"RUT_177"	829
1:12:8:6	0.000203706	"RUT_106"	758
1:12:8:7	0.000190338	"LIN_11"	542
1:12:9:1	0.00148394	"SAB_24"	1346
1:12:9:2	0.000697897	"SYDF_093"	335
1:12:9:3	0.000535641	"SYD1_49"	452
1:13:1:1	0.00273602	"SA_147"	1065
1:13:1:2	0.00244362	"SA_099"	1017
1:13:1:3	0.00160201	"LIN_D_09"	613
1:13:1:4	0.00155255	"Phys3_24"	98
1:13:1:5	0.00137397	"MLA_64"	531
1:13:1:6	0.00131057	"Col_115"	240
1:13:1:7	0.000943992	"SA_075"	993
1:13:1:8	0.000885845	"RUT_204"	856
1:13:1:9	0.000710066	"SA_085"	1003
1:13:1:10	0.000278549	"RUT_147"	799
1:13:1:11	0.000244065	"MLA_42"	509
1:13:2:1	0.0018044	"USA_13"	1232
1:13:2:2	0.000907043	"BRA_31"	1269
1:13:2:3	0.00033543	"SYD1_22"	425
1:13:2:4	0.000258964	"SA_103"	1021
1:13:2:5	0.000248769	"Uma_04"	1213
1:13:3:1	0.000829772	"SYD1_42"	445
1:13:3:2	0.000782824	"SYDF_059"	301
1:13:3:3	0.000550574	"Phys1_71"	71
1:13:3:4	0.000510882	"LIN_A_8"	579
1:13:4:1	0.00113307	"LIN_D_22"	626
1:13:4:2	0.000808802	"SA_263"	1181
1:13:4:3	0.00028171	"SYD4_16"	393
1:13:4:4	0.000279853	"SYD3_03"	356
1:13:5:1	0.000782017	"RUB_22"	881
1:13:5:2	0.00053561	"Phys1_18"	18
1:13:5:3	0.000497584	"RUB_17"	876
1:13:5:4	0.000441987	"SA_190"	1108
1:13:6:1	0.000757111	"SYDF_030"	272
1:13:6:2	0.00049925	"SA_015"	933
1:13:6:3	0.000486271	"Phys3_25"	99
1:13:6:4	0.000470821	"BRA_27"	1265
1:13:7:1	0.00105159	"RUT_186"	838
1:13:7:2	0.000760368	"SA_067"	985
1:13:7:3	0.000313237	"RUT_127"	779
1:13:8:1	0.000513103	"RUB_51"	910
1:13:8:2	0.000493556	"RUT_158"	810
1:13:8:3	0.000422692	"Col_077"	202
1:13:9:1	0.000485871	"Col_082"	207
1:13:9:2	0.000401478	"USA_14"	1233
1:14:1:1	0.00212757	"SA_250"	1168
1:14:1:2	0.00110935	"SA_092"	1010
1:14:1:3	0.000842769	"LIN_14"	545
1:14:1:4	0.00081468	"MLA_23"	490
1:14:1:5	0.000603616	"Phys3_27"	101
1:14:1:6	0.000568361	"LIN_01"	532
1:14:1:7	0.000517842	"Col_068"	193
1:14:1:8	0.000211475	"SYD4_25"	402
1:14:1:9	0.000203363	"RUT_100"	752
1:14:2:1	0.000988454	"RUT_163"	815
1:14:2:2	0.000951968	"RUT_094"	746
1:14:2:3	0.000798827	"SYDF_039"	281
1:14:2:4	0.000568446	"RUT_038"	690
1:14:2:5	0.000512101	"Col_001"	126
1:14:2:6	0.000207686	"RUT_157"	809
1:14:2:7	0.000188477	"LIN_E_02"	641
1:14:3:1	0.000964967	"LIN_D_21"	625
1:14:3:2	0.000943233	"SYDF_085"	327
1:14:3:3	0.000762746	"Col_032"	157
1:14:3:4	0.000532658	"Phys1_03"	3
1:14:3:5	0.000475691	"SYD4_11"	388
1:14:3:6	0.000403878	"SYDF_036"	278
1:14:4:1	0.00143909	"RUB_35"	894
1:14:4:2	0.000535509	"GBR_06"	460
1:14:4:3	0.000472847	"SYDF_028"	270
1:14:4:4	0.000436112	"RUB_15"	874
1:14:4:5	0.000396504	"Phys1_48"	48
1:14:5:1	0.000947567	"SA_220"	1138
1:14:5:2	0.000669292	"SYDF_029"	271
1:14:5:3	0.000495323	"SA_153"	1071
1:14:5:4	0.000393033	"Col_083"	208
1:14:5:5	0.000282671	"MLA_21"	488
1:14:6:1	0.000930046	"BRA_41"	1279
1:14:6:2	0.00043853	"BRA_13"	1251
1:14:6:3	0.000381839	"SA_211"	1129
1:14:6:4	0.000331792	"SA_251"	1169
1:14:6:5	0.000200525	"SYD1_13"	416
1:14:6:6	0.000196621	"SA_184"	1102
1:14:7:1	0.000842826	"Phys3_18"	92
1:14:7:2	0.000570697	"Phys3_15"	89
1:14:7:3	0.000531882	"LIN_03"	534
1:14:8:1	0.000586217	"SA_241"	1159
1:14:8:2	0.000569123	"BRA_40"	1278
1:14:8:3	0.000391929	"SYDF_098"	340
1:14:8:4	0.000202214	"RUT_066"	718
1:14:9:1	0.000564766	"LIN_04"	535
1:14:9:2	0.000515627	"Phys1_09"	9
1:14:9:3	0.000501927	"SYD4_08"	385
1:15:1:1:1	0.000870576	"SYD1_31"	434
1:15:1:1:2	0.000866443	"SA_070"	988
1:15:1:1:3	0.000595746	"Phys3_02"	76
1:15:1:1:4	0.000562436	"Col_098"	223
1:15:1:2:1	0.00107594	"RUB_10"	869
1:15:1:2:2	0.000566742	"SYDF_073"	315
1:15:1:2:3	0.000225922	"MLA_06"	473
1:15:1:3:1	0.00107572	"SA_168"	1086
1:15:1:3:2	0.000306978	"MLA_02"	469
1:15:2:1	0.00172761	"SAB_12"	1334
1:15:2:2	0.00156409	"BRA_25"	1263
1:15:2:3	0.000531486	"Col_038"	163
1:15:2:4	0.000421209	"Col_039"	164
1:15:2:5	0.000216551	"SA_274"	1192
1:15:2:6	0.000214852	"SA_055"	973
1:15:2:7	0.000207531	"RUT_144"	796
1:15:2:8	0.000206519	"SA_123"	1041
1:15:3:1	0.00151543	"BRA_08"	1246
1:15:3:2	0.00077268	"SYDF_101"	343
1:15:3:3	0.000707129	"Phys1_41"	41
1:15:3:4	0.000466488	"MLA_62"	529
1:15:3:5	0.000416067	"SA_187"	1105
1:15:3:6	0.000194587	"SA_021"	939
1:15:4:1	0.0022895	"SAB_23"	1345
1:15:4:2	0.000535373	"SYD1_21"	424
1:15:4:3	0.000271297	"SYD3_13"	366
1:15:4:4	0.00026775	"LIN_40"	571
1:15:4:5	0.000235474	"SA_240"	1158
1:15:5:1:1	0.000926717	"SAB_17"	1339
1:15:5:1:2	0.000363721	"SA_224"	1142
1:15:5:1:3	0.000208405	"BRA_56"	1294
1:15:5:1:4	0.000174905	"Phys1_15"	15
1:15:5:2:1	0.000378624	"SA_215"	1133
1:15:5:2:2	0.000335866	"SAB_5"	1327
1:15:5:2:3	0.000189589	"RUT_178"	830
1:15:5:3:1	0.000378594	"RUT_176"	828
1:15:5:3:2	0.000191432	"RUT_154"	806
1:15:6:1	0.00113182	"SAB_31"	1353
1:15:6:2	0.000382535	"SA_279"	1197
1:15:6:3	0.000285245	"SAB_41"	1363
1:15:6:4	0.000231548	"SA_286"	1204
1:15:6:5	0.000204225	"RUT_206"	858
1:15:6:6	0.000201398	"MLA_57"	524
1:15:6:7	0.000187509	"RUT_097"	749
1:15:7:1	0.000699308	"Col_101"	226
1:15:7:2	0.000684477	"SA_198"	1116
1:15:7:3	0.0004682	"RUT_062"	714
1:15:7:4	0.000426583	"SA_273"	1191
1:15:8:1	0.000654407	"BRA_45"	1283
1:15:8:2	0.000447349	"RUT_027"	679
1:15:8:3	0.000426616	"Col_066"	191
1:15:8:4	0.000205643	"BRA_29"	1267
1:16:1:1:1	0.00227796	"SAB_28"	1350
1:16:1:1:2	0.000264369	"RUT_128"	780
1:16:1:1:3	0.000234448	"LIN_29"	560
1:16:1:1:4	0.000230463	"SA_267"	1185
1:16:1:1:5	0.000200685	"RUT_073"	725
1:16:1:1:6	0.000193405	"RUT_102"	754
1:16:1:2:1:1	0.000555869	"SAB_26"	1348
1:16:1:2:1:2	0.000462203	"SAB_39"	1361
1:16:1:2:1:3	0.000161538	"SAB_20"	1342
1:16:1:2:2:1	0.000380709	"USA_16"	1235
1:16:1:2:2:2	0.000360988	"SA_259"	1177
1:16:1:2:2:3	0.000180948	"SA_183"	1101
1:16:1:2:3:1	0.000345259	"BRA_26"	1264
1:16:1:2:3:2	0.000335981	"SA_278"	1196
1:16:1:2:3:3	0.000170207	"MLA_04"	471
1:16:1:3:1	0.000532165	"SA_261"	1179
1:16:1:3:2	0.000486642	"SAB_15"	1337
1:16:1:3:3	0.000373321	"RUT_188"	840
1:16:1:3:4	0.000192698	"RUT_166"	818
1:16:1:3:5	0.000191469	"RUT_125"	777
1:16:1:3:6	0.000131223	"BRA_14"	1252
1:16:1:4:1	0.000908654	"BRA_03"	1241
1:16:1:4:2	0.000248836	"RUT_153"	805
1:16:1:4:3	0.000213345	"RUT_112"	764
1:16:1:4:4	0.000208478	"LIN_31"	562
1:16:1:5:1	0.000603533	"SAB_42"	1364
1:16:1:5:2	0.000409022	"SAB_13"	1335
1:16:1:5:3	0.000221202	"RUT_043"	695
1:16:1:6:1	0.000412997	"SA_288"	1206
1:16:1:6:2	0.000218162	"SA_170"	1088
1:16:2:1:1	0.00160162	"SAB_14"	1336
1:16:2:1:2	0.000437378	"RUT_182"	834
1:16:2:1:3	0.000380859	"RUT_047"	699
1:16:2:1:4	0.000220025	"LIN_27"	558
1:16:2:1:5	0.000209581	"SA_014"	932
1:16:2:1:6	0.000207874	"RUT_167"	819
1:16:2:1:7	0.000196581	"MLA_15"	482
1:16:2:1:8	0.000188315	"SA_180"	1098
1:16:2:2:1	0.000781229	"SA_128"	1046
1:16:2:2:2	0.000740036	"SYD4_13"	390
1:16:2:2:3	0.000488304	"Col_070"	195
1:16:2:2:4	0.000285941	"SA_043"	961
1:16:2:3:1	0.00106588	"SAB_2"	1324
1:16:2:3:2	0.000506545	"Col_055"	180
1:16:2:3:3	0.000216353	"LIN_A_23"	594
1:16:2:3:4	0.000198928	"SA_122"	1040
1:16:2:3:5	0.000191578	"RUT_148"	800
1:16:2:4:1	0.00069372	"RUT_162"	814
1:16:2:4:2	0.000240491	"RUT_156"	808
1:16:2:4:3	0.00021584	"RUT_118"	770
1:16:3:1:1	0.00140127	"SA_276"	1194
1:16:3:1:2	0.00111214	"SA_243"	1161
1:16:3:1:3	0.000481024	"SYDF_061"	303
1:16:3:1:4	0.000455317	"SYDF_067"	309
1:16:3:1:5	0.000428312	"SA_076"	994
1:16:3:1:6	0.000245608	"RUT_050"	702
1:16:3:2:1	0.000663763	"SA_238"	1156
1:16:3:2:2	0.000259239	"RUT_023"	675
1:16:3:2:3	0.000210607	"SA_008"	926
1:16:3:3:1	0.000496008	"SA_195"	1113
1:16:3:3:2	0.000269352	"GBR_12"	466
1:17:1:1	0.00147023	"SA_049"	967
1:17:1:2	0.00108338	"SYDF_042"	284
1:17:1:3	0.000614226	"RUT_091"	743
1:17:1:4	0.000542347	"RUT_026"	678
1:17:1:5	0.000481166	"Uma_08"	1217
1:17:1:6	0.000459883	"BRA_33"	1271
1:17:1:7	0.000208039	"RUT_132"	784
1:17:2:1	0.00117387	"SA_209"	1127
1:17:2:2	0.000655978	"SA_100"	1018
1:17:2:3	0.000506825	"SYDF_037"	279
1:17:2:4	0.00044748	"SYDF_100"	342
1:17:2:5	0.000259363	"MLA_55"	522
1:17:3:1	0.000705086	"RUT_120"	772
1:17:3:2	0.000612476	"SAB_4"	1326
1:17:3:3	0.000423223	"RUT_114"	766
1:17:3:4	0.00041539	"SYDF_110"	352
1:17:3:5	0.000216289	"SYD1_03"	406
1:17:3:6	0.000193383	"LIN_E_12"	651
1:17:4:1	0.000401666	"RUT_006"	658
1:17:4:2	0.000396667	"SA_161"	1079
1:17:4:3	0.000390714	"SYDF_099"	341
2:1:1:1	0.00381158	"SAB_40"	1362
2:1:1:2	0.00306817	"SA_150"	1068
2:1:1:3	0.00306817	"BRA_66"	1304
2:1:1:4	0.0025545	"SYDF_088"	330
2:1:1:5	0.0025545	"MLA_48"	515
2:1:1:6	0.00232776	"SYDF_047"	289
2:1:1:7	0.00201258	"SYDF_011"	253
2:1:1:8	0.00189107	"SYDF_024"	266
2:1:1:9	0.0011337	"SYDF_065"	307
2:1:1:10	0.00108742	"RUT_179"	831
2:1:1:11	0.000272157	"SYDF_053"	295
2:1:1:12	0.000268195	"SAB_18"	1340
2:1:2:1:1	0.00147566	"RUT_083"	735
2:1:2:1:2	0.000576111	"SYD3_01"	354
2:1:2:1:3	0.000331237	"SYD1_23"	426
2:1:2:1:4	0.000318559	"RUT_018"	670
2:1:2:1:5	0.000272922	"SYDF_105"	347
2:1:2:1:6	0.000243287	"SYDF_012"	254
2:1:2:2:1	0.00123782	"RUT_168"	820
2:1:2:2:2	0.000398887	"RUT_111"	763
2:1:3:1	0.000634014	"SAB_44"	1366
2:1:3:2	0.000290738	"SAB_32"	1354
2:1:3:3	0.000189828	"SYD4_15"	392
2:1:3:4	0.000186651	"SAB_7"	1329
2:2:1:1	0.00138839	"SAB_22"	1344
2:2:1:2	0.000954306	"SA_212"	1130
2:2:1:3	0.000752468	"SYDF_040"	282
2:2:1:4	0.000670075	"SYDF_021"	263
2:2:1:5	0.000627139	"SYDF_068"	310
2:2:1:6	0.000458483	"RUT_065"	717
2:2:1:7	0.000437882	"SA_061"	979
2:2:1:8	0.000409301	"SYDF_017"	259
2:2:1:9	0.000385384	"SA_140"	1058
2:2:1:10	0.000363277	"SYDF_019"	261
2:2:1:11	0.000244195	"SA_126"	1044
2:2:1:12	0.00021942	"RUT_017"	669
2:2:2:1	0.00107127	"RUT_165"	817
2:2:2:2	0.000765216	"SYDF_025"	267
2:2:2:3	0.000756583	"Col_008"	133
2:2:2:4	0.000527692	"SA_057"	975
2:2:2:5	0.000512082	"SYDF_015"	257
2:2:2:6	0.000476196	"Phys3_10"	84
2:2:3:1	0.00107428	"SA_155"	1073
2:2:3:2	0.000635546	"SAB_19"	1341
2:2:3:3	0.00046317	"SA_149"	1067
2:2:3:4	0.000224017	"RUT_028"	680
2:2:3:5	0.000204591	"LIN_37"	568
2:2:4:1	0.000668859	"SA_095"	1013
2:2:4:2	0.00049067	"RUT_142"	794
2:2:4:3	0.000453795	"RUB_05"	864
2:2:4:4	0.000246623	"RUT_090"	742
2:2:5:1	0.000522292	"SA_145"	1063
2:2:5:2	0.00033543	"SA_144"	1062
2:3:1:1	0.00104032	"RUB_34"	893
2:3:1:2	0.00083126	"SYDF_010"	252
2:3:1:3	0.000562265	"RUB_29"	888
2:3:1:4	0.00050245	"Col_005"	130
2:3:2:1	0.000762443	"BRA_80"	1318
2:3:2:2	0.000578049	"SAB_38"	1360
2:3:2:3	0.000297286	"RUT_049"	701
2:3:2:4	0.00018969	"BRA_47"	1285